All assemblies,
R/theta,0.300663
1/delta,0.0158084
nu,0.133468
r/m: 2.538453562,
,
,
Assemblies with cry toxins,
R/theta,0.288369
1/delta,0.0201087
nu,0.166464
r/m: 2.387178545,
,
,
Assemblies with recombinants,
R/theta,0.0727516
1/delta,0.00581637
nu,0.068291
r/m: 0.854189042,
