Tree,Supp,Brlen,CI,RI,Colles-Like ,Sackin,Cophenetic
dom1,70.8543956043956,110671.3,0.08954948,0.6053512,4602.381,5783,382954
dom2,66.4887005649718,124245.1,0.09955026,0.5951812,4379.13,5666,383197
dom3,58.7293447293447,88018.16,0.08901361,0.5707345,6824.264,7400,698599
full,74.4904109589041,101705.4,0.08669106,0.5570568,4848.595,5968,434547
