Tree_comp,Quart_dist,RF_dist,Coph_cor
1-f,0.786496,0.49589,0.8940708
2-f ,0.932066,0.526027,0.8758706
3-f,0.656465,0.219178,0.758726
1-2,0.764906,0.331507,0.7673982
1-3,0.630315,0.178082,0.6663316
2-3,0.631754,0.19726,0.6918381
